Date,Return
1/2/2009,0.022126123
1/5/2009,0.015135762
1/6/2009,0.020324323
1/7/2009,-0.015070015
1/8/2009,0.01255793
1/9/2009,-0.032926363
1/12/2009,-0.054552789
1/13/2009,-0.001060194
1/14/2009,-0.0329806
1/15/2009,0.007888675
1/16/2009,0.013138222
1/20/2009,-0.066120227
1/21/2009,0.049584642
1/22/2009,-0.034888498
1/23/2009,-0.001926389
1/26/2009,0.00563792
1/27/2009,0.027102875
1/28/2009,0.033904542
1/29/2009,-0.015753732
1/30/2009,-0.007114414
2/2/2009,0.004534134
2/3/2009,0.02514872
2/4/2009,-0.007027237
2/5/2009,0.017678925
2/6/2009,0.038386207
2/9/2009,-0.023499921
2/10/2009,-0.025895809
2/11/2009,0.016784614
2/12/2009,-0.009280007
2/13/2009,0.015272434
2/17/2009,-0.041525598
2/18/2009,-0.003855776
2/19/2009,-0.023309374
2/20/2009,-0.03685944
2/23/2009,-0.035010699
2/24/2009,0.03489313
2/25/2009,-0.039133527
2/26/2009,-0.012079916
2/27/2009,0.005968068
3/2/2009,0.002715634
3/3/2009,0.015587892
3/4/2009,0.040019112
3/5/2009,-0.056094541
3/6/2009,0.013351892
3/9/2009,-0.009855862
3/10/2009,0.050094206
3/11/2009,-0.009781443
3/12/2009,0.05091309
3/13/2009,-0.00077412
3/16/2009,-0.01885421
3/17/2009,0.025918976
3/18/2009,0.010414602
3/19/2009,0.004605861
3/20/2009,-0.012745906
3/23/2009,0.037388691
3/24/2009,-0.023211166
3/25/2009,0.042151013
3/26/2009,0.058262788
3/27/2009,-0.027463884
3/30/2009,-0.030378327
3/31/2009,0.032437699
4/1/2009,0.017090199
4/2/2009,0.021250298
4/3/2009,0.017460888
4/6/2009,0.022828455
4/7/2009,-0.017846787
4/8/2009,0.025643629
4/9/2009,0.020578762
4/13/2009,-0.001735286
4/14/2009,-0.024643255
4/15/2009,-0.001738123
4/16/2009,0.024594684
4/17/2009,0.016928124
4/20/2009,-0.031307269
4/21/2009,0.031159987
4/22/2009,0.002971196
4/23/2009,-0.009594947
4/24/2009,0.025381567
4/27/2009,0.006150243
4/28/2009,0.010520039
4/29/2009,0.01601787
4/30/2009,0.006495458
5/1/2009,0.008322087
5/4/2009,0.033269918
5/5/2009,-0.007571788
5/6/2009,0.036970873
5/7/2009,-0.0270681
5/8/2009,0.006552703
5/11/2009,-0.009022059
5/12/2009,-0.000277595
5/13/2009,-0.033707305
5/14/2009,0.004759289
5/15/2009,0.000407101
5/18/2009,0.034988274
5/19/2009,0.019526137
5/20/2009,0.00818548
5/21/2009,-0.003004212
5/22/2009,0.006635242
5/26/2009,0.008258279
5/27/2009,0.001900264
5/28/2009,0.003450893
5/29/2009,-5.11873E-05
6/1/2009,0.012434085
6/2/2009,0.005160987
6/3/2009,-0.004665007
6/4/2009,0.010001404
6/5/2009,0.001806271
6/8/2009,-0.013173594
6/9/2009,0.013946818
6/10/2009,-0.001842625
6/11/2009,0.02861156
6/12/2009,-0.005331214
6/15/2009,-0.036339992
6/16/2009,-0.009811301
6/17/2009,-0.002823687
6/18/2009,0.003273083
6/19/2009,0.023543549
6/22/2009,-0.04566124
6/23/2009,-0.021706858
6/24/2009,0.023810485
6/25/2009,0.025637646
6/26/2009,0.077542957
6/29/2009,-0.024613913
6/30/2009,-0.018045498
7/1/2009,0.041676458
7/2/2009,-0.032424197
7/6/2009,0.016466503
7/7/2009,-0.002774632
7/8/2009,-0.028621717
7/9/2009,-0.010336696
7/10/2009,0.011851699
7/13/2009,0.012072805
7/14/2009,0.006214429
7/15/2009,0.026781374
7/16/2009,0.016310292
7/17/2009,-0.001309106
7/20/2009,0.028633783
7/21/2009,0.00105041
7/22/2009,0.021652725
7/23/2009,0.008851388
7/24/2009,0.003641452
7/27/2009,0.001186594
7/28/2009,0.008723394
7/29/2009,-0.005202222
7/30/2009,0.012475996
7/31/2009,0.00125733
8/3/2009,0.012902124
8/4/2009,0.013112235
8/5/2009,-0.009062422
8/6/2009,-0.030168002
8/7/2009,0.006251359
8/10/2009,0.002474903
8/11/2009,-0.010598543
8/12/2009,-0.005966569
8/13/2009,-0.00701323
8/14/2009,-0.011387284
8/17/2009,-0.043069076
8/18/2009,0.023590838
8/19/2009,-0.004083118
8/20/2009,0.020920609
8/21/2009,0.015408664
8/24/2009,0.019806929
8/25/2009,-0.006532062
8/26/2009,0.007352367
8/27/2009,0.001251698
8/28/2009,-0.009549065
8/31/2009,-0.011618518
9/1/2009,-0.034476341
9/2/2009,0.001204917
9/3/2009,0.012734375
9/4/2009,0.002846058
9/8/2009,0.011663404
9/9/2009,0.011874965
9/10/2009,0.020796653
9/11/2009,-0.012180432
9/14/2009,0.011784005
9/15/2009,0.008980298
9/16/2009,0.056671669
9/17/2009,-0.003294481
9/18/2009,0.007771651
9/21/2009,0.007096741
9/22/2009,0.007511914
9/23/2009,0.000124175
9/24/2009,-0.024551524
9/25/2009,-0.002192625
9/28/2009,0.01045671
9/29/2009,-0.00108159
9/30/2009,1.05317E-05
10/1/2009,-0.014538638
10/2/2009,-0.011104795
10/5/2009,0.010072633
10/6/2009,0.005482079
10/7/2009,0.001462869
10/8/2009,0.013733514
10/9/2009,0.031267516
10/12/2009,0.001633921
10/13/2009,0.014363846
10/14/2009,0.012830003
10/15/2009,-0.007692011
10/16/2009,-0.005318793
10/19/2009,0.017078557
10/20/2009,-0.032490559
10/21/2009,-0.003611851
10/22/2009,-0.009994717
10/23/2009,-0.008376037
10/26/2009,-0.019036582
10/27/2009,-0.024893483
10/28/2009,-0.040253608
10/29/2009,0.027609702
10/30/2009,-0.029120085
11/2/2009,-0.005921519
11/3/2009,0.037439275
11/4/2009,-0.013030729
11/5/2009,0.030762393
11/6/2009,-0.010957802
11/9/2009,0.011836015
11/10/2009,-0.003837587
11/11/2009,0.003098949
11/12/2009,-0.017132975
11/13/2009,0.001243245
11/16/2009,-0.001349538
11/17/2009,0.012470482
11/18/2009,0.001785663
11/19/2009,-0.000222745
11/20/2009,-0.003127402
11/23/2009,0.00754798
11/24/2009,-0.002663896
11/25/2009,0.008938805
11/27/2009,0.001977838
11/30/2009,0.005048922
12/1/2009,0.022594078
12/2/2009,0.000937216
12/3/2009,-0.015896424
12/4/2009,0.003087341
12/7/2009,0.009615544
12/8/2009,0.020230897
12/9/2009,0.006258705
12/10/2009,-0.005300754
12/11/2009,0.011489288
12/14/2009,0.021515893
12/15/2009,0.001879445
12/16/2009,0.000329687
12/17/2009,-0.014552767
12/18/2009,-0.004266568
12/21/2009,0.016213335
12/22/2009,-0.001496782
12/23/2009,0.020163077
12/24/2009,0.004089747
12/28/2009,0.006455637
12/29/2009,0.01463567
12/30/2009,0.004318597
12/31/2009,0.011353908
1/4/2010,0.018024887
1/5/2010,0.009802229
1/6/2010,-0.001210083
1/7/2010,-0.004331235
1/8/2010,0.006762819
1/11/2010,0.030798636
1/12/2010,-0.003428664
1/13/2010,-0.003729656
1/14/2010,0.005192898
1/15/2010,-0.007839061
1/19/2010,0.001714163
1/20/2010,-0.009331829
1/21/2010,-0.029181789
1/22/2010,-0.017839333
1/25/2010,0.011718914
1/26/2010,-0.011757984
1/27/2010,-0.000871024
1/28/2010,0.00142847
1/29/2010,-0.001980087
2/1/2010,0.021927321
2/2/2010,0.036174774
2/3/2010,0.017586792
2/4/2010,-0.042275433
2/5/2010,-0.002532269
2/8/2010,0.012990187
2/9/2010,0.014272154
2/10/2010,0.000425736
2/11/2010,0.013377415
2/12/2010,0.011949795
2/16/2010,0.017054599
2/17/2010,0.01224383
2/18/2010,0.014287802
2/19/2010,0.005476998
2/22/2010,0.007147803
2/23/2010,-0.010587177
2/24/2010,-0.006110713
2/25/2010,-0.005379947
2/26/2010,0.000306519
3/1/2010,0.02553998
3/2/2010,0.012169145
3/3/2010,0.002892363
3/4/2010,0.00164867
3/5/2010,0.013904422
3/8/2010,0.005329279
3/9/2010,0.006869198
3/10/2010,-0.00396274
3/11/2010,-0.012041586
3/12/2010,-0.006305485
3/15/2010,0.005912944
3/16/2010,0.001272949
3/17/2010,-0.004156653
3/18/2010,0.009782987
3/19/2010,-0.00446339
3/22/2010,-0.003703416
3/23/2010,0.006882545
3/24/2010,0.038889501
3/25/2010,-0.015834326
3/26/2010,-0.006561075
3/29/2010,0.019399632
3/30/2010,-0.012112108
3/31/2010,0.001700331
4/1/2010,-0.001729493
4/5/2010,0.017617143
4/6/2010,0.000745907
4/7/2010,0.005740327
4/8/2010,0.012366629
4/9/2010,0.005710086
4/12/2010,-0.003037171
4/13/2010,0.012812513
4/14/2010,0.014130366
4/15/2010,-0.003927333
4/16/2010,-0.009573086
4/19/2010,-2.06665E-05
4/20/2010,0.008369754
4/21/2010,0.009422319
4/22/2010,0.014262751
4/23/2010,0.006374382
4/26/2010,0.01347009
4/27/2010,-0.018650661
4/28/2010,0.005223493
4/29/2010,0.032085915
4/30/2010,-0.015631448
5/3/2010,0.026157309
5/4/2010,-0.022406889
5/5/2010,-0.009330651
5/6/2010,-0.026751917
5/7/2010,-0.025744913
5/10/2010,0.055512424
5/11/2010,0.026156769
5/12/2010,0.02794186
5/13/2010,0.007977813
5/14/2010,-0.021970934
5/17/2010,0.003512535
5/18/2010,-0.001664893
5/19/2010,-0.018996246
5/20/2010,-0.040996323
5/21/2010,0.004126157
5/24/2010,0.004006116
5/25/2010,-0.021917688
5/26/2010,0.01945709
5/27/2010,0.034847915
5/28/2010,-0.005306472
6/1/2010,-0.009974909
6/2/2010,0.016506283
6/3/2010,0.000989774
6/4/2010,-0.027141411
6/7/2010,-0.024425393
6/8/2010,-0.017377923
6/9/2010,-0.00201893
6/10/2010,0.01626765
6/11/2010,0.017036411
6/14/2010,0.011952896
6/15/2010,0.019462815
6/16/2010,-0.008423702
6/17/2010,-0.002578919
6/18/2010,0.009682391
6/21/2010,-0.007448021
6/22/2010,-0.00643458
6/23/2010,0.007211582
6/24/2010,-0.013835729
6/25/2010,0.019124169
6/28/2010,-0.010571659
6/29/2010,-0.035748086
6/30/2010,-0.008267718
7/1/2010,-0.012132085
7/2/2010,-0.006533189
7/6/2010,-0.007838116
7/7/2010,0.017871223
7/8/2010,0.005865628
7/9/2010,0.014154477
7/12/2010,0.002930761
7/13/2010,0.020930994
7/14/2010,-0.005372643
7/15/2010,-0.005596542
7/16/2010,-0.018947813
7/19/2010,0.007238233
7/20/2010,0.007861553
7/21/2010,-0.011493132
7/22/2010,0.026853993
7/23/2010,0.006689981
7/26/2010,0.021567557
7/27/2010,-0.004025153
7/28/2010,0.007263891
7/29/2010,0.00308355
7/30/2010,-0.000699126
8/2/2010,0.005006196
8/3/2010,0.009871689
8/4/2010,-0.001636265
8/5/2010,-0.003483486
8/6/2010,-0.004454251
8/9/2010,0.011637538
8/10/2010,-0.018108237
8/11/2010,-0.051204623
8/12/2010,0.003448341
8/13/2010,-0.005667587
8/16/2010,0.006165484
8/17/2010,0.023613443
8/18/2010,9.67754E-05
8/19/2010,-0.030500388
8/20/2010,-0.004138846
8/23/2010,-0.016584654
8/24/2010,-0.015660755
8/25/2010,0.005398602
8/26/2010,-0.009528757
8/27/2010,0.024042976
8/30/2010,-0.013664105
8/31/2010,0.004367878
9/1/2010,0.027584532
9/2/2010,0.006264521
9/3/2010,0.011207446
9/7/2010,-0.004141204
9/8/2010,0.005287773
9/9/2010,0.007914331
9/10/2010,0.001740449
9/13/2010,0.012793794
9/14/2010,0.000523787
9/15/2010,0.001258285
9/16/2010,-0.00843546
9/17/2010,0.006392674
9/20/2010,0.001202343
9/21/2010,0.001679868
9/22/2010,-0.015231255
9/23/2010,-0.003439871
9/24/2010,0.015660635
9/27/2010,0.00524581
9/28/2010,0.009100188
9/29/2010,0.004693554
9/30/2010,0.007373567
10/1/2010,0.013962999
10/4/2010,-0.000169745
10/5/2010,0.02928813
10/6/2010,0.002109604
10/7/2010,0.002037842
10/8/2010,0.014681826
10/11/2010,0.005438474
10/12/2010,0.006282976
10/13/2010,-0.000811126
10/14/2010,0.003138078
10/15/2010,0.009080192
10/18/2010,-0.000294429
10/19/2010,-0.02223801
10/20/2010,0.011016783
10/21/2010,-0.009195942
10/22/2010,0.0078063
10/25/2010,0.019365637
10/26/2010,0.003659924
10/27/2010,0.000527113
10/28/2010,-0.001728597
10/29/2010,0.00259665
11/1/2010,0.007157374
11/2/2010,-0.007297145
11/3/2010,0.000549386
11/4/2010,0.008867807
11/5/2010,0.001145821
11/8/2010,-0.005399736
11/9/2010,0.005686131
11/10/2010,0.024039587
11/11/2010,-0.009754099
11/12/2010,-0.013954564
11/15/2010,0.006565884
11/16/2010,-0.025802156
11/17/2010,-0.004138782
11/18/2010,0.014275816
11/19/2010,0.005830341
11/22/2010,0.004843285
11/23/2010,-0.007977903
11/24/2010,0.008731273
11/26/2010,-0.003058654
11/29/2010,0.005147334
11/30/2010,-0.012948729
12/1/2010,0.014838796
12/2/2010,0.01460218
12/3/2010,0.01040234
12/6/2010,0.014814827
12/7/2010,0.003986776
12/8/2010,0.008434522
12/9/2010,0.002698756
12/10/2010,0.001737885
12/13/2010,0.00472918
12/14/2010,-0.011030467
12/15/2010,0.000260809
12/16/2010,0.00418669
12/17/2010,0.005214417
12/20/2010,0.006407044
12/21/2010,0.009493263
12/22/2010,0.003012942
12/23/2010,-0.004278795
12/27/2010,0.008952216
12/28/2010,-0.005989369
12/29/2010,0.000644352
12/30/2010,0.006609649
12/31/2010,0.005727642
1/3/2011,0.011622927
1/4/2011,-0.008336461
1/5/2011,0.004096149
1/6/2011,-0.000292793
1/7/2011,-0.001730002
1/10/2011,0.006198405
1/11/2011,0.030270416
1/12/2011,0.008283354
1/13/2011,0.008264808
1/14/2011,-0.008559187
1/18/2011,-0.000436392
1/19/2011,-0.023306386
1/20/2011,-0.003566223
1/21/2011,-0.001353296
1/24/2011,0.011092555
1/25/2011,0.003617968
1/26/2011,0.014047658
1/27/2011,-0.000326152
1/28/2011,-0.008738052
1/31/2011,0.006126933
2/1/2011,0.010407645
2/2/2011,0.013777439
2/3/2011,0.008265466
2/4/2011,0.02437602
2/7/2011,0.014045141
2/8/2011,-6.88839E-05
2/9/2011,-0.013035007
2/10/2011,0.004238651
2/11/2011,-0.001107792
2/14/2011,0.015446977
2/15/2011,0.015338051
2/16/2011,-0.00081791
2/17/2011,0.009943751
2/18/2011,-0.004485365
2/22/2011,-0.033778396
2/23/2011,-0.032147317
2/24/2011,0.002616773
2/25/2011,0.034111442
2/28/2011,0.007473891
3/1/2011,-0.011458854
3/2/2011,-0.003578415
3/3/2011,0.01039325
3/4/2011,-0.006431086
3/7/2011,-0.01798184
3/8/2011,0.014145932
3/9/2011,-0.00628622
3/10/2011,-0.031617462
3/11/2011,-0.004741563
3/14/2011,-0.014482089
3/15/2011,-0.026000789
3/16/2011,0.000231516
3/17/2011,0.011749124
3/18/2011,0.00864425
3/21/2011,0.022877485
3/22/2011,-0.001125343
3/23/2011,-0.003317435
3/24/2011,0.021816054
3/25/2011,0.006685935
3/28/2011,-0.001438097
3/29/2011,0.011869064
3/30/2011,-0.003576546
3/31/2011,0.008878811
4/1/2011,-0.002585751
4/4/2011,0.018540644
4/5/2011,-0.006525527
4/6/2011,0.001622289
4/7/2011,-0.001329685
4/8/2011,-0.011502162
4/11/2011,-0.00336199
4/12/2011,-0.001269649
4/13/2011,0.010918205
4/14/2011,0.004428467
4/15/2011,-0.001822839
4/18/2011,-0.012534217
4/19/2011,0.005767747
4/20/2011,0.000863746
4/21/2011,-0.007013489
4/25/2011,0.000272163
4/26/2011,0.004282098
4/27/2011,0.002750417
4/28/2011,-0.000504839
4/29/2011,0.009836337
5/2/2011,-0.010134853
5/3/2011,0.001598949
5/4/2011,-0.022624315
5/5/2011,0.002066374
5/6/2011,0.01851376
5/9/2011,0.010245223
5/10/2011,0.017424649
5/11/2011,-0.006737675
5/12/2011,0.015264182
5/13/2011,-0.013769583
5/16/2011,0.000376254
5/17/2011,-0.009639462
5/18/2011,0.003729564
5/19/2011,0.002052557
5/20/2011,-0.007746402
5/23/2011,-0.006690799
5/24/2011,-0.002685019
5/25/2011,0.005623563
5/26/2011,0.004321374
5/27/2011,0.005365837
5/31/2011,0.008490314
6/1/2011,-0.01410929
6/2/2011,0.000886002
6/3/2011,-0.008717823
6/6/2011,-0.013918597
6/7/2011,-0.000676126
6/8/2011,-0.012016058
6/9/2011,0.002594162
6/10/2011,-0.00761276
6/13/2011,0.001600084
6/14/2011,0.011276235
6/15/2011,-0.022906228
6/16/2011,0.000308094
6/17/2011,-0.00029856
6/20/2011,0.011836166
6/21/2011,0.01665594
6/22/2011,-0.000922408
6/23/2011,-0.005700807
6/24/2011,0.026618518
6/27/2011,0.010166664
6/28/2011,0.003733656
6/29/2011,-0.001324401
6/30/2011,0.014775544
7/1/2011,0.008434816
7/5/2011,0.00416819
7/6/2011,-0.001388637
7/7/2011,0.006761839
7/8/2011,-0.005054014
7/11/2011,-0.010403073
7/12/2011,0.004383036
7/13/2011,0.018862197
7/14/2011,-0.010114608
7/15/2011,-0.003558069
7/18/2011,-0.005961542
7/19/2011,0.021697741
7/20/2011,-0.005523836
7/21/2011,0.007234158
7/22/2011,-0.005567471
7/25/2011,-0.011960866
7/26/2011,-0.00201195
7/27/2011,-0.028008287
7/28/2011,0.010593221
7/29/2011,0.002086997
8/1/2011,0.006777141
8/2/2011,-0.020574553
8/3/2011,0.014805311
8/4/2011,-0.048823549
8/5/2011,-0.033043366
8/8/2011,-0.060621758
8/9/2011,0.034688883
8/10/2011,-0.043834907
8/11/2011,0.042456222
8/12/2011,0.006989974
8/15/2011,0.014518787
8/16/2011,-0.018957228
8/17/2011,-0.000325287
8/18/2011,-0.03414105
8/19/2011,-0.013896033
8/22/2011,0.000396447
8/23/2011,0.041585878
8/24/2011,0.02124809
8/25/2011,-0.02610346
8/26/2011,0.012019135
8/29/2011,0.042556289
8/30/2011,0.005784325
8/31/2011,-0.011160729
9/1/2011,-0.02273235
9/2/2011,-0.02756429
9/6/2011,-0.017475237
9/7/2011,0.027863241
9/8/2011,-0.021163969
9/9/2011,-0.022835101
9/12/2011,-0.001745806
9/13/2011,0.016993374
9/14/2011,0.019171314
9/15/2011,0.003556189
9/16/2011,0.005016312
9/19/2011,-0.020816736
9/20/2011,-0.020738347
9/21/2011,-0.02418184
9/22/2011,-0.03582568
9/23/2011,0.009482855
9/26/2011,0.0149982
9/27/2011,0.025096116
9/28/2011,-0.038311276
9/29/2011,0.02704495
9/30/2011,-0.015329819
10/3/2011,-0.05484723
10/4/2011,0.087725144
10/5/2011,-0.010593791
10/6/2011,0.014278994
10/7/2011,-0.032369459
10/10/2011,0.045751576
10/11/2011,0.000775012
10/12/2011,0.03069323
10/13/2011,0.007582335
10/14/2011,0.011640084
10/17/2011,-0.021123847
10/18/2011,0.03201153
10/19/2011,-0.022299221
10/20/2011,0.003458318
10/21/2011,0.013854514
10/24/2011,0.020584298
10/25/2011,-0.02794019
10/26/2011,0.01276144
10/27/2011,0.056830366
10/28/2011,-0.012988795
10/31/2011,-0.020277631
11/1/2011,-0.030628458
11/2/2011,0.035543301
11/3/2011,0.020094079
11/4/2011,-0.004959033
11/7/2011,-0.006456969
11/8/2011,-3.09638E-05
11/9/2011,-0.056814652
11/10/2011,0.01233436
11/11/2011,0.026190978
11/14/2011,-0.009555775
11/15/2011,0.020356023
11/16/2011,-0.020069751
11/17/2011,-0.007355635
11/18/2011,-0.006422311
11/21/2011,-0.022475842
11/22/2011,-0.009446273
11/23/2011,-0.02284459
11/25/2011,-0.008266163
11/28/2011,0.03469853
11/29/2011,-0.000909102
11/30/2011,0.047161529
12/1/2011,-0.005396141
12/2/2011,0.018451696
12/5/2011,0.012129669
12/6/2011,0.003159808
12/7/2011,0.007671097
12/8/2011,-0.031703311
12/9/2011,0.022397705
12/12/2011,-0.017434926
12/13/2011,-0.014416514
12/14/2011,0.002753744
12/15/2011,0.011816485
12/16/2011,0.007807144
12/19/2011,-0.007534469
12/20/2011,0.032569441
12/21/2011,0.006577559
12/22/2011,-0.000286681
12/23/2011,0.048417755
12/27/2011,0.071052345
12/28/2011,-0.017014174
12/29/2011,0.017878718
12/30/2011,0.00100729
1/3/2012,0.014615767
1/4/2012,-0.018956373
1/5/2012,0.003131038
1/6/2012,-0.01227302
1/9/2012,-0.008360062
1/10/2012,-0.004799604
1/11/2012,-0.001450492
1/12/2012,-0.00300088
1/13/2012,0.003056112
1/17/2012,0.011618696
1/18/2012,-0.000174422
1/19/2012,-0.005096525
1/20/2012,0.002436938
1/23/2012,-0.004603728
1/24/2012,0.008944897
1/25/2012,0.011055363
1/26/2012,-0.013061852
1/27/2012,0.011141484
1/30/2012,-0.009203236
1/31/2012,0.00672124
2/1/2012,0.012951828
2/2/2012,0.002085326
2/3/2012,0.013022131
2/6/2012,0.003030524
2/7/2012,0.008995545
2/8/2012,-0.002730198
2/9/2012,0.007408054
2/10/2012,-0.005238242
2/13/2012,0.011700647
2/14/2012,-0.010566859
2/15/2012,-0.00525632
2/16/2012,0.004302085
2/17/2012,0.002920189
2/21/2012,0.001516621
2/22/2012,0.002824134
2/23/2012,0.006056278
2/24/2012,-0.001614645
2/27/2012,0.002054649
2/28/2012,0.000611385
2/29/2012,-0.003607531
3/1/2012,0.005253917
3/2/2012,-0.018172311
3/5/2012,0.009602526
3/6/2012,-0.025352214
3/7/2012,0.012852578
3/8/2012,0.01417601
3/9/2012,0.029586684
3/12/2012,0.005211271
3/13/2012,0.013817441
3/14/2012,-0.011578129
3/15/2012,0.007037642
3/16/2012,0.008946766
3/19/2012,0.004548347
3/20/2012,0.002547635
3/21/2012,0.012461103
3/22/2012,-0.010715042
3/23/2012,0.005055152
3/26/2012,0.018242617
3/27/2012,-0.00179791
3/28/2012,-0.002067325
3/29/2012,-0.009443214
3/30/2012,0.0075518
4/2/2012,0.022025549
4/3/2012,-0.014507318
4/4/2012,-0.01257827
4/5/2012,0.019976212
4/9/2012,-0.009599873
4/10/2012,-0.016032432
4/11/2012,0.012930564
4/12/2012,0.012411558
4/13/2012,-0.006498755
4/16/2012,0.001403351
4/17/2012,0.003123259
4/18/2012,-0.009341746
4/19/2012,-0.003058045
4/20/2012,0.008941363
4/23/2012,-0.011008805
4/24/2012,0.011283412
4/25/2012,0.007755935
4/26/2012,0.002901642
4/27/2012,0.005961893
4/30/2012,0.005227617
5/1/2012,1.8671E-05
5/2/2012,0.001038461
5/3/2012,-0.003964328
5/4/2012,-0.014962805
5/7/2012,0.001047638
5/8/2012,-0.000299093
5/9/2012,0.005809656
5/10/2012,0.00609565
5/11/2012,-0.005395143
5/14/2012,-0.007863231
5/15/2012,0.004934375
5/16/2012,-0.004717254
5/17/2012,-0.011683563
5/18/2012,-0.00515089
5/21/2012,0.0077085
5/22/2012,-0.008969246
5/23/2012,-0.002079902
5/24/2012,0.008173129
5/25/2012,0.013997193
5/29/2012,0.00395647
5/30/2012,-0.008377817
5/31/2012,0.000890079
6/1/2012,-0.009153925
6/4/2012,0.006699831
6/5/2012,0.002829705
6/6/2012,0.00576745
6/7/2012,0.004063894
6/8/2012,0.008147708
6/11/2012,-0.012255073
6/12/2012,0.002691576
6/13/2012,0.001459777
6/14/2012,0.013943407
6/15/2012,-0.002194268
6/18/2012,0.004165672
6/19/2012,0.013519177
6/20/2012,0.000405806
6/21/2012,-0.0054356
6/22/2012,0.002035427
6/25/2012,-0.005102303
6/26/2012,0.009746236
6/27/2012,0.014852044
6/28/2012,-0.003510963
6/29/2012,0.021676845
7/2/2012,0.01540698
7/3/2012,0.011074131
7/5/2012,0.004129021
7/6/2012,-0.014406057
7/9/2012,0.00331625
7/10/2012,-6.42579E-06
7/11/2012,-0.005690336
7/12/2012,-0.007633388
7/13/2012,0.019631649
7/16/2012,-0.005887198
7/17/2012,0.006534498
7/18/2012,-0.000193907
7/19/2012,-0.020793787
7/20/2012,-0.003572001
7/23/2012,-0.022909438
7/24/2012,-0.009203906
7/25/2012,0.009606158
7/26/2012,0.007897935
7/27/2012,0.013807641
7/30/2012,0.000965745
7/31/2012,0.016823197
8/1/2012,-0.015826524
8/2/2012,0.003301021
8/3/2012,0.012661495
8/6/2012,0.008066706
8/7/2012,0.001661909
8/8/2012,-0.007344447
8/9/2012,0.009819918
8/10/2012,-0.000659388
8/13/2012,-0.011026063
8/14/2012,0.000836235
8/15/2012,0.017954826
8/16/2012,0.010378297
8/17/2012,0.011749772
8/20/2012,0.012814713
8/21/2012,-0.001392467
8/22/2012,-0.002891851
8/23/2012,-0.016948855
8/24/2012,0.010911378
8/27/2012,0.001416707
8/28/2012,0.006595293
8/29/2012,0.002410496
8/30/2012,-0.01101706
8/31/2012,0.010563681
9/4/2012,0.014797944
9/5/2012,-0.002718129
9/6/2012,0.009659296
9/7/2012,0.003041315
9/10/2012,-0.003624217
9/11/2012,0.000534009
9/12/2012,-8.6397E-05
9/13/2012,0.0076556
9/14/2012,0.019362711
9/17/2012,-0.008735983
9/18/2012,-0.004351525
9/19/2012,-0.002792088
9/20/2012,-0.001843439
9/21/2012,0.005978434
9/24/2012,-0.001721633
9/25/2012,-0.00044657
9/26/2012,-0.0013545
9/27/2012,-0.001527815
9/28/2012,-0.000976234
10/1/2012,0.007329951
10/2/2012,-0.002312773
10/3/2012,0.003576823
10/4/2012,0.005776822
10/5/2012,-0.000606537
10/8/2012,-0.013731628
10/9/2012,-0.010525071
10/10/2012,0.004385015
10/11/2012,0.006980979
10/12/2012,-0.013034164
10/15/2012,0.010423968
10/16/2012,0.01449138
10/17/2012,0.003591965
10/18/2012,-0.010041767
10/19/2012,-0.017273559
10/22/2012,0.003106666
10/23/2012,-0.007283801
10/24/2012,0.000643826
10/25/2012,0.011746209
10/26/2012,-0.006124577
10/31/2012,-0.002782643
11/1/2012,0.005305293
11/2/2012,-0.002690721
11/5/2012,0.008009397
11/6/2012,0.007569212
11/7/2012,-0.03524576
11/8/2012,0.003255183
11/9/2012,0.001089762
11/12/2012,-0.003456603
11/13/2012,-0.005656593
11/14/2012,-0.017682654
11/15/2012,0.000200819
11/16/2012,0.003393156
11/19/2012,0.017361239
11/20/2012,0.005081741
11/21/2012,0.004514199
11/23/2012,0.012074678
11/26/2012,0.004920705
11/27/2012,0.013968724
11/28/2012,0.005315863
11/29/2012,0.004742193
11/30/2012,0.001620628
12/3/2012,0.003197883
12/4/2012,0.011477307
12/5/2012,-0.010309041
12/6/2012,-0.012430369
12/7/2012,0.00266279
12/10/2012,0.013749271
12/11/2012,0.006592752
12/12/2012,-0.004223815
12/13/2012,-0.003597769
12/14/2012,0.002130549
12/17/2012,0.018390669
12/18/2012,-0.0068737
12/19/2012,-0.00348424
12/20/2012,0.007002102
12/21/2012,0.000987084
12/24/2012,-0.007254544
12/26/2012,0.011060637
12/27/2012,0.01073421
12/28/2012,0.004815874
12/31/2012,0.011504683
1/2/2013,0.021660368
1/3/2013,0.004421458
1/4/2013,0.018293277
1/7/2013,0.006319144
1/8/2013,0.003555431
1/9/2013,0.010946154
1/10/2013,0.001988104
1/11/2013,0.000530239
1/14/2013,0.001230368
1/15/2013,0.004692362
1/16/2013,0.004598417
1/17/2013,0.018257553
1/18/2013,0.003719663
1/22/2013,0.019931376
1/23/2013,0.001487511
1/24/2013,-0.011981485
1/25/2013,0.001593866
1/28/2013,0.004704189
1/29/2013,0.00038138
1/30/2013,-0.008514818
1/31/2013,0.013844053
2/1/2013,0.006482792
2/4/2013,-0.008673557
2/5/2013,0.010426979
2/6/2013,0.004356468
2/7/2013,-0.002485575
2/8/2013,0.005338572
2/11/2013,0.006256538
2/12/2013,0.015851581
2/13/2013,-0.000621481
2/14/2013,0.004681389
2/15/2013,0.006033129
2/19/2013,0.026894646
2/20/2013,-0.01875144
2/21/2013,0.00155339
2/22/2013,0.009304269
2/25/2013,-0.005870103
2/26/2013,-0.001372973
2/27/2013,0.015976661
2/28/2013,-0.009177163
3/1/2013,0.01021156
3/4/2013,0.012389732
3/5/2013,0.005237893
3/6/2013,0.006000459
3/7/2013,0.006806444
3/8/2013,-0.006923241
3/11/2013,0.00134377
3/12/2013,0.00516163
3/13/2013,0.003840918
3/14/2013,0.01339455
3/15/2013,-0.004714699
3/18/2013,0.003774814
3/19/2013,-0.001286371
3/20/2013,0.008812883
3/21/2013,-0.003929707
3/22/2013,0.000266909
3/25/2013,0.000103461
3/26/2013,0.024852691
3/27/2013,0.005124776
3/28/2013,0.004728161
4/1/2013,-0.002743965
4/2/2013,0.002968396
4/3/2013,-0.021881697
4/4/2013,0.002695467
4/5/2013,0.007510254
4/8/2013,0.017110441
4/9/2013,-0.003759794
4/10/2013,0.012786356
4/11/2013,0.010919204
4/12/2013,0.002024061
4/15/2013,-0.037605658
4/16/2013,0.027669892
4/17/2013,-0.021154524
4/18/2013,-0.009531267
4/19/2013,0.015696509
4/22/2013,-0.000603269
4/23/2013,0.0221794
4/24/2013,0.011946355
4/25/2013,0.001951757
4/26/2013,-0.00361644
4/29/2013,0.017804556
4/30/2013,0.002065552
5/1/2013,-0.020030117
5/2/2013,0.00067234
5/3/2013,0.022561364
5/6/2013,0.018307503
5/7/2013,0.01504459
5/8/2013,-0.003284693
5/9/2013,-0.021468598
5/10/2013,-0.014280993
5/13/2013,-0.008961606
5/14/2013,0.015091635
5/15/2013,0.004844261
5/16/2013,0.00326568
5/17/2013,0.009734269
5/20/2013,0.00950515
5/21/2013,-0.009306466
5/22/2013,-0.021193785
5/23/2013,-0.000577286
5/24/2013,0.014029506
5/28/2013,0.012587146
5/29/2013,-0.004055967
5/30/2013,0.006778468
5/31/2013,-0.003223825
6/3/2013,-0.017834852
6/4/2013,-0.002114663
6/5/2013,-0.001330061
6/6/2013,0.009699039
6/7/2013,0.016138159
6/10/2013,0.013292508
6/11/2013,-0.003121176
6/12/2013,-0.003480323
6/13/2013,0.000908215
6/14/2013,-0.005541034
6/17/2013,0.000201583
6/18/2013,0.005386494
6/19/2013,-0.001548939
6/20/2013,-0.017040788
6/21/2013,0.008159719
6/24/2013,-0.000982373
6/25/2013,0.00678868
6/26/2013,-0.002939006
6/27/2013,0.003839343
6/28/2013,0.000773659
7/1/2013,0.017017844
7/2/2013,0.00417643
7/3/2013,-0.000692268
7/5/2013,0.012444514
7/8/2013,0.011998166
7/9/2013,0.011596568
7/10/2013,0.003968026
7/11/2013,0.006799959
7/12/2013,0.003859805
7/15/2013,0.004450643
7/16/2013,0.009387973
7/17/2013,0.000461656
7/18/2013,0.007901339
7/19/2013,0.000414899
7/22/2013,0.008951411
7/23/2013,0.005512518
7/24/2013,-0.002434623
7/25/2013,0.00250124
7/26/2013,-0.006445816
7/29/2013,-0.004266129
7/30/2013,-0.005290472
7/31/2013,-0.007796603
8/1/2013,0.004906215
8/2/2013,0.000826506
8/5/2013,0.004656295
8/6/2013,-0.002368714
8/7/2013,-0.00053181
8/8/2013,0.00237833
8/9/2013,-0.00247142
8/12/2013,0.008492403
8/13/2013,0.00327803
8/14/2013,-0.012509303
8/15/2013,-0.016701649
8/16/2013,0.001717744
8/19/2013,-0.021397358
8/20/2013,0.006163944
8/21/2013,0.008004253
8/22/2013,0.010068833
8/23/2013,0.008769859
8/26/2013,0.007022371
8/27/2013,-0.012453273
8/28/2013,0.012127421
8/29/2013,-0.002110534
8/30/2013,-0.004221714
9/3/2013,0.014375136
9/4/2013,0.025497598
9/5/2013,0.010283707
9/6/2013,-0.004146725
9/9/2013,0.006048572
9/10/2013,0.015000355
9/11/2013,0.001679298
9/12/2013,-0.00507324
9/13/2013,0.001185237
9/16/2013,0.00884312
9/17/2013,-0.002854392
9/18/2013,0.015503903
9/19/2013,0.020366537
9/20/2013,-0.022838347
9/23/2013,-0.000607412
9/24/2013,0.019120372
9/25/2013,0.004837924
9/26/2013,-0.004557757
9/27/2013,-0.009495595
9/30/2013,-0.006076661
10/1/2013,0.004418597
10/2/2013,0.001914082
10/3/2013,-0.006534746
10/4/2013,0.00462983
10/7/2013,0.004212416
10/8/2013,-0.021317135
10/9/2013,-0.002150396
10/10/2013,0.013111376
10/11/2013,0.00737261
10/14/2013,0.029239307
10/15/2013,0.003521449
10/16/2013,0.030924932
10/17/2013,0.013237265
10/18/2013,-0.003510876
10/21/2013,0.009531638
10/22/2013,0.000688183
10/23/2013,-0.007956344
10/24/2013,-0.003133052
10/25/2013,-0.009026915
10/28/2013,0.004995367
10/29/2013,0.003047726
10/30/2013,-0.002325605
10/31/2013,0.006169225
11/1/2013,0.006657154
11/4/2013,0.019460396
11/5/2013,0.005789447
11/6/2013,-0.00244983
11/7/2013,-0.007573075
11/8/2013,0.012905162
11/11/2013,0.008249542
11/12/2013,-0.002991902
11/13/2013,0.011206708
11/14/2013,-0.004664768
11/15/2013,0.037746172
11/18/2013,0.000553027
11/19/2013,-0.011690047
11/20/2013,-0.0199715
11/21/2013,0.009019857
11/22/2013,0.007475874
11/25/2013,0.020497788
11/26/2013,0.013368904
11/27/2013,0.003501657
11/29/2013,-0.005818759
12/2/2013,-0.008308217
12/3/2013,-0.004091579
12/4/2013,0.006940064
12/5/2013,-0.006771866
12/6/2013,0.009971428
12/9/2013,0.001772273
12/10/2013,-0.015173597
12/11/2013,-0.022025099
12/12/2013,-0.006728618
12/13/2013,0.007154211
12/16/2013,0.002229218
12/17/2013,0.004279377
12/18/2013,0.003547708
12/19/2013,0.010467285
12/20/2013,0.018995271
12/23/2013,0.005203274
12/24/2013,-0.003166065
12/26/2013,-0.000779047
12/27/2013,-0.010227974
12/30/2013,0.003578546
12/31/2013,0.018827681
1/2/2014,-0.015542931
1/3/2014,-0.004803425
1/6/2014,0.003925342
1/7/2014,0.011638906
1/8/2014,-0.00736028
1/9/2014,0.00560544
1/10/2014,0.004004549
1/13/2014,-0.010720872
1/14/2014,0.005860261
1/15/2014,0.013396773
1/16/2014,0.008714507
1/17/2014,-0.001632175
1/21/2014,0.004929378
1/22/2014,-0.002085408
1/23/2014,-0.010394346
1/24/2014,-0.025882788
1/27/2014,-0.006256068
1/28/2014,0.023174129
1/29/2014,-0.015031536
1/30/2014,0.013287225
1/31/2014,-0.012469591
2/3/2014,-0.026522159
2/4/2014,0.007891074
2/5/2014,-0.023409375
2/6/2014,0.007572841
2/7/2014,0.019306412
2/10/2014,-0.004928743
2/11/2014,0.017610486
2/12/2014,0.010277109
2/13/2014,-8.0996E-05
2/14/2014,-0.003913822
2/18/2014,0.01634491
2/19/2014,-0.003082826
2/20/2014,0.00807934
2/21/2014,0.002787385
2/24/2014,0.002795886
2/25/2014,-0.014460146
2/26/2014,0.012060413
2/27/2014,0.009886182
2/28/2014,0.015246012
3/3/2014,0.012381827
3/4/2014,0.025542431
3/5/2014,0.010672752
3/6/2014,0.009392914
3/7/2014,0.003577841
3/10/2014,0.010331015
3/11/2014,-0.014885937
3/12/2014,-0.00026244
3/13/2014,-0.002563012
3/14/2014,-0.003857446
3/17/2014,0.006294451
3/18/2014,0.005802665
3/19/2014,-0.000148373
3/20/2014,0.000154315
3/21/2014,-0.003271087
3/24/2014,-0.016474632
3/25/2014,-0.006913657
3/26/2014,-0.006562364
3/27/2014,0.002613674
3/28/2014,0.011937317
3/31/2014,0.017876384
4/1/2014,0.018239026
4/2/2014,0.009583573
4/3/2014,-0.00501314
4/4/2014,-0.007613533
4/7/2014,-0.003448798
4/8/2014,0.00504859
4/9/2014,0.01075181
4/10/2014,-0.015235462
4/11/2014,-0.008218753
4/14/2014,-0.017779204
4/15/2014,0.003501155
4/16/2014,0.010620543
4/17/2014,0.008748954
4/21/2014,0.006860487
4/22/2014,0.001292966
4/23/2014,-0.009646639
4/24/2014,-0.004123383
4/25/2014,-0.041021302
4/28/2014,-0.02044443
4/29/2014,-0.00463895
4/30/2014,-0.002023128
5/1/2014,0.006956306
5/2/2014,0.001629533
5/5/2014,-0.003189309
5/6/2014,-0.007081145
5/7/2014,-0.005668014
5/8/2014,-0.014324401
5/9/2014,0.022238501
5/12/2014,0.023314964
5/13/2014,-0.007087236
5/14/2014,-0.011382819
5/15/2014,-0.007741828
5/16/2014,0.004568885
5/19/2014,0.019336451
5/20/2014,-0.003393028
5/21/2014,0.008990575
5/22/2014,0.006873998
5/23/2014,0.008122108
5/27/2014,0.028011669
5/28/2014,0.002628647
5/29/2014,0.007202309
5/30/2014,0.000505068
6/2/2014,-0.014564712
6/3/2014,-0.002383781
6/4/2014,0.005738696
6/5/2014,0.022754139
6/6/2014,0.004820493
6/9/2014,0.010689765
6/10/2014,-0.00261662
6/11/2014,0.00624039
6/12/2014,-0.010974936
6/13/2014,-0.003604455
6/16/2014,-0.007092323
6/17/2014,0.003668015
6/18/2014,0.009155491
6/19/2014,-0.002802841
6/20/2014,0.005838963
6/23/2014,-0.00244223
6/24/2014,-0.018819191
6/25/2014,-0.001610082
6/26/2014,0.001521844
6/27/2014,0.016309978
6/30/2014,-0.003387145
7/1/2014,0.01675302
7/2/2014,-0.006455487
7/3/2014,0.011175322
7/7/2014,-0.011194777
7/8/2014,-0.000824162
7/9/2014,0.001112611
7/10/2014,-0.010017911
7/11/2014,-0.003119417
7/14/2014,-0.002622161
7/15/2014,-0.000359723
7/16/2014,0.006840512
7/17/2014,-0.007568516
7/18/2014,0.009428688
7/21/2014,0.001822942
7/22/2014,0.002775331
7/23/2014,-0.001355032
7/24/2014,-0.005385367
7/25/2014,-0.009751489
7/28/2014,-0.021542534
7/29/2014,0.008122717
7/30/2014,-0.001419512
7/31/2014,-0.016434057
8/1/2014,-6.10255E-05
8/4/2014,0.002267186
8/5/2014,-0.006969438
8/6/2014,0.011309323
8/7/2014,-0.021151148
8/8/2014,0.012182474
8/11/2014,-0.000805887
8/12/2014,0.002707307
8/13/2014,0.013247207
8/14/2014,0.005959986
8/15/2014,0.000213076
8/18/2014,0.021644369
8/19/2014,0.012026887
8/20/2014,0.004554172
8/21/2014,-0.000841064
8/22/2014,0.007130626
8/25/2014,0.016411153
8/26/2014,0.006710232
8/27/2014,-0.002291161
8/28/2014,0.000771423
8/29/2014,0.007697671
9/2/2014,0.013629217
9/3/2014,0.003334247
9/4/2014,-0.003091805
9/5/2014,0.002997021
9/8/2014,0.001734889
9/9/2014,-0.002176482
9/10/2014,-0.009375325
9/11/2014,-0.002201395
9/12/2014,-0.004001148
9/15/2014,-0.028336861
9/16/2014,0.006979114
9/17/2014,0.008525228
9/18/2014,-0.001306512
9/19/2014,-0.003798743
9/22/2014,-0.026088655
9/23/2014,0.002867077
9/24/2014,0.00687692
9/25/2014,-0.015797844
9/26/2014,0.012680955
9/29/2014,0.004103083
9/30/2014,-0.006227776
10/1/2014,0.000796036
10/2/2014,-0.001350689
10/3/2014,-0.001421966
10/6/2014,-0.015850512
10/7/2014,-0.008851144
10/8/2014,0.017339588
10/9/2014,-0.000763215
10/10/2014,0.026735003
10/13/2014,0.018952297
10/14/2014,-0.000637074
10/15/2014,0.001977587
10/16/2014,0.022582704
10/17/2014,0.005238556
10/20/2014,0.002577765
10/21/2014,0.021623068
10/22/2014,-0.004078447
10/23/2014,0.012877728
10/24/2014,0.008444993
10/27/2014,0.004549362
10/28/2014,0.019273875
10/29/2014,0.00323589
10/30/2014,0.000166798
10/31/2014,-0.004658028
11/3/2014,0.009520694
11/4/2014,-0.001007407
11/5/2014,0.008369027
11/6/2014,0.043522522
11/7/2014,0.012086554
11/10/2014,0.007596513
11/11/2014,-0.004336235
11/12/2014,0.006278463
11/13/2014,-0.007921052
11/14/2014,0.001672623
11/17/2014,0.012087678
11/18/2014,0.023743247
11/19/2014,-0.000272343
11/20/2014,0.011105331
11/21/2014,-0.008009221
11/24/2014,0.014963396
11/25/2014,0.000603075
11/26/2014,0.010052949
11/28/2014,-0.010906192
12/1/2014,-0.006436815
12/2/2014,0.0221965
12/3/2014,0.010793431
12/4/2014,-0.01130375
12/5/2014,0.007901431
12/8/2014,-0.001949723
12/9/2014,-0.001043419
12/10/2014,-0.021780086
12/11/2014,0.010046002
12/12/2014,-0.012440822
12/15/2014,-0.009090481
12/16/2014,-0.022972937
12/17/2014,0.003792101
12/18/2014,0.001432982
12/19/2014,-0.011647007
12/22/2014,0.003732692
12/23/2014,0.002863789
12/24/2014,0.009220447
12/26/2014,0.016600865
12/29/2014,0.007364626
12/30/2014,-0.004094849
12/31/2014,0.005340514
1/2/2015,0.000819625
1/5/2015,-0.013889117
1/6/2015,-0.00833934
1/7/2015,0.000203831
1/8/2015,0.00474632
1/9/2015,0.004152171
1/12/2015,-0.012304825
1/13/2015,-0.003505085
1/14/2015,-0.0095582
1/15/2015,-0.00981084
1/16/2015,0.005146391
1/20/2015,-0.008989801
1/21/2015,-0.004781121
1/22/2015,0.004377593
1/23/2015,-0.005161342
1/26/2015,-1.39804E-05
1/27/2015,9.49752E-05
1/28/2015,0.000416902
1/29/2015,-0.009080982
1/30/2015,-0.005894841
2/2/2015,9.78302E-05
2/3/2015,0.007368262
2/4/2015,-0.004667176
2/5/2015,0.004179804
2/6/2015,-0.000829529
2/9/2015,-0.001323832
2/10/2015,0.002472647
2/11/2015,0.002806092
2/12/2015,-0.006025913
2/13/2015,0.001193304
2/17/2015,0.002274515
2/18/2015,0.011239222
2/19/2015,0.002770536
2/20/2015,-0.004315036
2/23/2015,-0.001316469
2/24/2015,0.011853737
2/25/2015,-0.000682646
2/26/2015,-7.47521E-05
2/27/2015,0.002292517
3/2/2015,-0.002431972
3/3/2015,0.000390967
3/4/2015,-0.004714025
3/5/2015,-0.001700169
3/6/2015,0.00230268
3/9/2015,0.001687436
3/10/2015,-0.012818439
3/11/2015,0.000884611
3/12/2015,0.006903627
3/13/2015,-0.004867901
3/16/2015,-0.002338946
3/17/2015,0.00457531
3/18/2015,-0.010400097
3/19/2015,0.01706182
3/20/2015,-0.010513924
3/23/2015,0.003713623
3/24/2015,0.01404044
3/25/2015,-0.015212999
3/26/2015,0.011296145
3/27/2015,-0.004277672
3/30/2015,0.000285372
3/31/2015,0.00461559
4/1/2015,0.006659139
4/2/2015,0.000751545
4/6/2015,0.005457524
4/7/2015,-5.78528E-06
4/8/2015,0.008561862
4/9/2015,0.002011461
4/10/2015,0.006746816
4/13/2015,0.014023062
4/14/2015,-0.003975263
4/15/2015,0.003891599
4/16/2015,-0.00913441
4/17/2015,-0.016953786
4/20/2015,-0.001010876
4/21/2015,0.017357594
4/22/2015,0.011001177
4/23/2015,-0.002368388
4/24/2015,0.011599133
4/27/2015,-0.018560387
4/28/2015,-0.006519774
4/29/2015,0.006203861
4/30/2015,-0.005008599
5/1/2015,-0.000836751
5/4/2015,-0.004628211
5/5/2015,-0.008692647
5/6/2015,0.001974368
5/7/2015,0.004085251
5/8/2015,0.005742426
5/11/2015,-0.008656949
5/12/2015,0.002482874
5/13/2015,0.003477093
5/14/2015,0.014919327
5/15/2015,-0.006296192
5/18/2015,-0.006827313
5/19/2015,0.001725585
5/20/2015,0.002052855
5/21/2015,0.000739879
5/22/2015,0.001247126
5/26/2015,0.000656541
5/27/2015,0.001351428
5/28/2015,0.000295698
5/29/2015,-0.005698879
6/1/2015,0.00321663
6/2/2015,0.005931283
6/3/2015,0.004124513
6/4/2015,-0.003295263
6/5/2015,0.011221051
6/8/2015,-0.005113027
6/9/2015,0.00404081
6/10/2015,0.008734923
6/11/2015,0.001212591
6/12/2015,0.007447047
6/15/2015,-0.006157391
6/16/2015,0.006094982
6/17/2015,-0.007686905
6/18/2015,0.002920232
6/19/2015,-0.008254948
6/22/2015,-0.005612073
6/23/2015,0.000984195
6/24/2015,0.000606097
6/25/2015,0.004138194
6/26/2015,-0.008945949
6/29/2015,-0.009971152
6/30/2015,0.009332534
7/1/2015,0.004956845
7/2/2015,-0.012015181
7/6/2015,0.000447007
7/7/2015,-0.013447992
7/8/2015,-0.005452751
7/9/2015,0.008627549
7/10/2015,0.008760131
7/13/2015,0.000203653
7/14/2015,0.005639134
7/15/2015,-0.006226078
7/16/2015,0.007704746
7/17/2015,0.002624882
7/20/2015,-0.017805714
7/21/2015,-0.004836031
7/22/2015,-0.005750263
7/23/2015,-0.00675186
7/24/2015,-0.013651807
7/27/2015,-0.014117306
7/28/2015,-0.005821099
7/29/2015,-0.001569295
7/30/2015,0.008043282
7/31/2015,0.00262013
8/3/2015,-0.009016751
8/4/2015,0.003177549
8/5/2015,0.005045913
8/6/2015,-0.008272901
8/7/2015,-0.003009859
8/10/2015,0.001737108
8/11/2015,-0.008745989
8/12/2015,0.007127517
8/13/2015,-0.005315703
8/14/2015,0.017627176
8/17/2015,0.009974
8/18/2015,-0.011066733
8/19/2015,-0.008823005
8/20/2015,-0.01430046
8/21/2015,-0.007818028
8/24/2015,-0.031214243
8/25/2015,-0.009111196
8/26/2015,0.019274729
8/27/2015,0.007452857
8/28/2015,-0.000642521
8/31/2015,0.009314734
9/1/2015,-0.007616325
9/2/2015,0.009739984
9/3/2015,-0.000957731
9/4/2015,0.003360293
9/8/2015,0.001373192
9/9/2015,-0.006403238
9/10/2015,0.009952128
9/11/2015,0.006399959
9/14/2015,-0.014015731
9/15/2015,0.003454999
9/16/2015,-0.000196617
9/17/2015,0.00431632
9/18/2015,-0.0020183
9/21/2015,-0.000597374
9/22/2015,-0.006497867
9/23/2015,-0.003544636
9/24/2015,0.007706294
9/25/2015,-0.003558629
9/28/2015,-0.006794584
9/29/2015,-0.008829713
9/30/2015,0.010083602
10/1/2015,0.00121661
10/2/2015,0.001406978
10/5/2015,0.015888391
10/6/2015,0.003861676
10/7/2015,0.008603745
10/8/2015,0.017841759
10/9/2015,0.004668418
10/12/2015,0.005511147
10/13/2015,-0.006234794
10/14/2015,-0.006875188
10/15/2015,0.02454901
10/16/2015,-0.00342305
10/19/2015,0.012703833
10/20/2015,0.009401649
10/21/2015,-0.004961644
10/22/2015,0.016165545
10/23/2015,0.013952051
10/26/2015,0.004568822
10/27/2015,-0.011516112
10/28/2015,0.021244679
10/29/2015,-0.005289282
10/30/2015,0.006130128
11/2/2015,0.011691208
11/3/2015,0.003544837
11/4/2015,-0.001932988
11/5/2015,-0.008693171
11/6/2015,-0.009108441
11/9/2015,-0.017726584
11/10/2015,-0.018597372
11/11/2015,0.001762946
11/12/2015,-0.013947938
11/13/2015,0.003251437
11/16/2015,-7.9239E-05
11/17/2015,-0.002778184
11/18/2015,0.00114762
11/19/2015,0.001472768
11/20/2015,0.006197743
11/23/2015,0.000158832
11/24/2015,0.007499703
11/25/2015,0.006579702
11/27/2015,0.00656756
11/30/2015,-0.001930689
12/1/2015,0.003871627
12/2/2015,0.001374764
12/3/2015,-0.012718118
12/4/2015,0.015216673
12/7/2015,-0.000163125
12/8/2015,0.003990637
12/9/2015,-0.00125253
12/10/2015,0.004237677
12/11/2015,-0.01261799
12/14/2015,-0.009357135
12/15/2015,0.011246189
12/16/2015,0.003410905
12/17/2015,-0.005745734
12/18/2015,-0.000827602
12/21/2015,-0.00475596
12/22/2015,0.009586182
12/23/2015,0.005101882
12/24/2015,0.003664281
12/28/2015,0.00175921
12/29/2015,0.011451282
12/30/2015,-0.007488378
12/31/2015,-0.003702216
1/4/2016,-0.013841168
1/5/2016,0.012736223
1/6/2016,0.00041301
1/7/2016,-0.010811571
1/8/2016,-0.000725835
1/11/2016,-0.02765509
1/12/2016,-0.005169649
1/13/2016,-0.025056818
1/14/2016,0.004743537
1/15/2016,-0.017765531
1/19/2016,-0.011376909
1/20/2016,0.00260446
1/21/2016,-0.00436313
1/22/2016,0.015464456
1/25/2016,-0.025672287
1/26/2016,0.013866762
1/27/2016,-0.007639307
1/28/2016,0.009085926
1/29/2016,0.016730396
2/1/2016,-0.000282031
2/2/2016,-0.012598623
2/3/2016,-0.00570392
2/4/2016,-0.000804283
2/5/2016,-0.015529998
2/8/2016,-0.011514804
2/9/2016,-0.010795504
2/10/2016,0.006002081
2/11/2016,-0.00057188
2/12/2016,0.008554173
2/16/2016,0.004285798
2/17/2016,0.009890532
2/18/2016,0.001060939
2/19/2016,0.00430319
2/22/2016,-0.006046691
2/23/2016,-0.001155972
2/24/2016,0.008510861
2/25/2016,0.005073879
2/26/2016,0.010385806
2/29/2016,0.000135449
3/1/2016,0.012080235
3/2/2016,0.007314962
3/3/2016,-0.000353974
3/4/2016,-0.007945818
3/7/2016,0.00955525
3/8/2016,-0.010683693
3/9/2016,0.01663061
3/10/2016,-0.009665013
3/11/2016,0.005759518
3/14/2016,-0.014529338
3/15/2016,-0.00258686
3/16/2016,0.000965699
3/17/2016,0.007298083
3/18/2016,0.001569333
3/21/2016,-0.010353095
3/22/2016,-0.002984086
3/23/2016,0.002342332
3/24/2016,0.011291965
3/28/2016,-0.000560295
3/29/2016,0.005362629
3/30/2016,0.006190773
3/31/2016,-0.000602769
4/1/2016,0.001313465
4/4/2016,0.008748418
4/5/2016,-0.002576693
4/6/2016,0.008176624
4/7/2016,-0.003395449
4/8/2016,-0.002615228
4/11/2016,0.002740363
4/12/2016,0.007110532
4/13/2016,0.012335968
4/14/2016,-0.00038417
4/15/2016,-0.001939893
4/18/2016,-0.009298899
4/19/2016,0.008310551
4/20/2016,0.000391958
4/21/2016,0.006077792
4/22/2016,0.004600781
4/25/2016,0.007695479
4/26/2016,0.00519538
4/27/2016,0.005446823
4/28/2016,-0.006606113
4/29/2016,-0.004459661
5/2/2016,0.002171332
5/3/2016,-0.009068641
5/4/2016,-0.006667059
5/5/2016,0.008811174
5/6/2016,0.014849088
5/9/2016,0.004189255
5/10/2016,-0.012607374
5/11/2016,-0.006669102
5/12/2016,-0.006104537
5/13/2016,-0.009927917
5/16/2016,-0.001234638
5/17/2016,-0.015362762
5/18/2016,0.005466673
5/19/2016,-0.003373463
5/20/2016,-0.01683555
5/23/2016,0.004229531
5/24/2016,0.007711643
5/25/2016,0.008480132
5/26/2016,-0.000344253
5/27/2016,-0.005004715
5/31/2016,-0.002500357
6/1/2016,0.005981854
6/2/2016,-0.002088161
6/3/2016,-0.006420642
6/6/2016,0.018009861
6/7/2016,0.00438252
6/8/2016,0.001832029
6/9/2016,-0.028184203
6/10/2016,-0.009186372
6/13/2016,-0.017325176
6/14/2016,0.000516711
6/15/2016,0.009984768
6/16/2016,-0.006167145
6/17/2016,0.001229158
6/20/2016,0.00753122
6/21/2016,-0.004455351
6/22/2016,0.009284793
6/23/2016,0.01239975
6/24/2016,-0.03039742
6/27/2016,-0.030569016
6/28/2016,0.023762694
6/29/2016,0.026353865
6/30/2016,0.030439846
7/1/2016,0.013583082
7/5/2016,-0.013933345
7/6/2016,0.003768097
7/7/2016,0.008161095
7/8/2016,0.017515032
7/11/2016,0.01264964
7/12/2016,0.007248724
7/13/2016,-0.00334324
7/14/2016,0.006575442
7/15/2016,-0.00510018
7/18/2016,-0.001077118
7/19/2016,0.003307366
7/20/2016,-0.008115687
7/21/2016,-0.007039252
7/22/2016,0.006434666
7/25/2016,-0.002854566
7/26/2016,0.000792283
7/27/2016,0.000641415
7/28/2016,-0.004929393
7/29/2016,-0.012385665
8/1/2016,0.008337667
8/2/2016,-0.01415282
8/3/2016,-0.00684953
8/4/2016,0.005703148
8/5/2016,0.010711107
8/8/2016,-0.014638303
8/9/2016,0.004300006
8/10/2016,-0.004055233
8/11/2016,0.006142789
8/12/2016,-0.00870135
8/15/2016,0.019599185
8/16/2016,0.007364624
8/17/2016,-0.000710102
8/18/2016,0.012392527
8/19/2016,0.007761745
8/22/2016,-0.004183649
8/23/2016,0.011373098
8/24/2016,0.00272502
8/25/2016,-0.004956441
8/26/2016,-0.005401727
8/29/2016,0.00814908
8/30/2016,0.002669102
8/31/2016,0.002433021
9/1/2016,0.006021553
9/2/2016,0.009027219
9/6/2016,0.003537784
9/7/2016,-0.000481099
9/8/2016,0.000543802
9/9/2016,-0.022017108
9/12/2016,0.013662285
9/13/2016,-0.015887057
9/14/2016,0.006182733
9/15/2016,0.012774933
9/16/2016,0.001817569
9/19/2016,0.012232123
9/20/2016,0.001354003
9/21/2016,0.003827695
9/22/2016,-0.001791332
9/23/2016,0.012686812
9/26/2016,-0.00906425
9/27/2016,0.006689262
9/28/2016,0.00855677
9/29/2016,-0.013715603
9/30/2016,0.006097399
10/3/2016,0.002672863
10/4/2016,-0.009206563
10/5/2016,0.012173703
10/6/2016,-0.001498067
10/7/2016,0.002421325
10/10/2016,0.004908135
10/11/2016,-0.006084186
10/12/2016,-0.006549852
10/13/2016,-0.00932895
10/14/2016,0.004270214
10/17/2016,-0.00679352
10/18/2016,0.004400558
10/19/2016,0.001663058
10/20/2016,0.009326451
10/21/2016,-0.009305715
10/24/2016,-0.002182676
10/25/2016,-0.008780075
10/26/2016,-0.010045647
10/27/2016,-0.003017963
10/28/2016,-0.007472903
10/31/2016,-0.011152872
11/1/2016,-0.002324916
11/2/2016,0.002049127
11/3/2016,-0.009194981
11/4/2016,0.008310137
11/7/2016,0.016557519
11/8/2016,-0.000353009
11/9/2016,0.018684398
11/10/2016,0.013403814
11/11/2016,0.018598013
11/14/2016,-0.002358285
11/15/2016,-0.017856052
11/16/2016,0.031846184
11/17/2016,0.008457424
11/18/2016,0.002476315
11/21/2016,-0.000907963
11/22/2016,0.009258171
11/23/2016,0.012958902
11/25/2016,0.00471249
11/28/2016,0.01440985
11/29/2016,0.004147654
11/30/2016,0.010256252
12/1/2016,-0.009629007
12/2/2016,-0.006393599
12/5/2016,0.026097745
12/6/2016,0.014896862
12/7/2016,0.001494396
12/8/2016,0.01575108
12/9/2016,0.003831174
12/12/2016,-0.009505532
12/13/2016,-0.005822909
12/14/2016,-0.010183921
12/15/2016,0.010084223
12/16/2016,-0.007759814
12/19/2016,0.009658308
12/20/2016,0.00904771
12/21/2016,-0.0037856
12/22/2016,0.001091315
12/23/2016,0.021737079
12/27/2016,0.010418798
12/28/2016,-0.005567743
12/29/2016,-0.009528432
12/30/2016,0.022335284
1/3/2017,-0.000865068
1/4/2017,-0.002241181
1/5/2017,-0.00932285
1/6/2017,-0.001181497
1/9/2017,-0.0033276
1/10/2017,0.013754167
1/11/2017,-0.007869138
1/12/2017,-0.010406748
1/13/2017,0.007669006
1/17/2017,-0.006146433
1/18/2017,0.003643372
1/19/2017,-0.000261872
1/20/2017,0.00720821
1/23/2017,-0.016253602
1/24/2017,0.011377773
1/25/2017,-0.002196885
1/26/2017,0.003012624
1/27/2017,-0.008635518
1/30/2017,-0.012463247
1/31/2017,0.006202115
2/1/2017,-0.004359439
2/2/2017,-0.004585749
2/3/2017,0.022557143
2/6/2017,-0.001660037
2/7/2017,0.000894368
2/8/2017,0.002123521
2/9/2017,0.018594282
2/10/2017,-0.005524882
2/13/2017,-0.018216223
2/14/2017,0.001881027
2/15/2017,0.001615591
2/16/2017,0.005556972
2/17/2017,0.004618355
2/21/2017,0.005120219
2/22/2017,-0.009976034
2/23/2017,-0.001749532
2/24/2017,-0.005872426
2/27/2017,0.007623395
2/28/2017,-0.012417849
3/1/2017,0.010655743
3/2/2017,-0.004364812
3/3/2017,0.002844654
3/6/2017,-0.012086817
3/7/2017,-0.011551194
3/8/2017,-0.005035213
3/9/2017,-0.00198502
3/10/2017,0.00559618
3/13/2017,0.005122849
3/14/2017,0.003346888
3/15/2017,0.006799828
3/16/2017,0.000300148
3/17/2017,0.011079536
3/20/2017,-0.013773596
3/21/2017,-0.020129908
3/22/2017,-0.000354332
3/23/2017,0.015714419
3/24/2017,0.008384765
42821,0.00277273
42822,0.018538756
